,Date,Price High,Price Low,Price Open,Price Close
0,2015-03-02,110.29,109.22,109.33,110.24
1,2015-03-03,110.05,108.94,110.05,109.39
2,2015-03-04,109.23,108.37,109.12,109.02
3,2015-03-05,109.3,108.59,109.01,108.98
4,2015-03-06,109.15,107.54,109.08,107.75
5,2015-03-09,108.64,107.74,108.14,108.2
6,2015-03-10,107.53,106.03,107.48,106.06
7,2015-03-11,106.38,105.38,106.12,105.48
8,2015-03-12,106.16,105.12,105.23,106.11
9,2015-03-13,106.22,104.93,105.9,105.57
10,2015-03-16,106.86,105.8,105.88,106.84
11,2015-03-17,107.15,106.37,106.69,106.95
12,2015-03-18,108.65,106.39,106.74,108.24
13,2015-03-19,108.51,108.0,108.21,108.15
14,2015-03-20,109.28,108.6,108.61,108.77
15,2015-03-23,109.3,108.8,108.85,108.8
16,2015-03-24,109.18,108.44,108.95,108.5
17,2015-03-25,108.53,105.5,108.49,105.52
18,2015-03-26,106.02,104.34,104.89,105.59
19,2015-03-27,106.1,105.09,105.56,105.85
20,2015-03-30,107.14,106.49,106.58,107.05
21,2015-03-31,109.86,106.01,106.72,106.52
22,2015-04-01,106.17,105.04,106.1,105.67
23,2015-04-02,106.16,105.47,105.75,105.66
24,2015-04-06,106.84,104.72,105.08,106.65
25,2015-04-07,107.36,106.53,106.55,106.53
26,2015-04-08,107.22,106.1,106.1,106.91
27,2015-04-09,107.41,106.42,106.9,107.35
28,2015-04-10,107.82,107.07,107.22,107.82
29,2015-04-13,108.32,107.32,107.82,107.37
30,2015-04-14,107.72,106.4,107.72,106.98
31,2015-04-15,108.25,107.22,107.3,107.95
32,2015-04-16,107.98,107.47,107.67,107.73
33,2015-04-17,107.0,105.73,107.0,106.08
34,2015-04-20,107.97,106.6,106.6,107.81
35,2015-04-21,108.57,107.82,108.35,107.9
36,2015-04-22,109.08,107.68,108.19,108.94
37,2015-04-23,109.61,108.43,108.54,109.2
38,2015-04-24,110.2,109.39,110.17,109.82
39,2015-04-27,110.7,109.81,110.11,110.07
40,2015-04-28,110.71,109.19,110.3,110.19
41,2015-04-29,110.23,108.92,109.6,109.68
42,2015-04-30,109.33,107.51,109.1,107.89
43,2015-05-01,109.27,108.16,108.25,109.27
44,2015-05-04,109.92,109.3,109.49,109.35
45,2015-05-05,109.06,107.52,109.01,107.64
46,2015-05-06,108.28,106.27,107.86,107.03
47,2015-05-07,108.13,106.92,106.92,107.8
48,2015-05-08,109.41,108.83,108.87,109.32
49,2015-05-11,109.44,108.88,109.26,108.89
50,2015-05-12,108.77,107.4,108.35,108.32
51,2015-05-13,109.4,108.61,108.61,108.84
52,2015-05-14,110.63,109.53,109.6,110.57
53,2015-05-15,110.92,110.0,110.89,110.26
54,2015-05-18,111.03,109.89,110.05,110.83
55,2015-05-19,111.14,110.56,110.92,110.69
56,2015-05-20,111.23,110.26,110.79,110.66
57,2015-05-21,111.19,110.35,110.5,111.04
58,2015-05-22,111.35,110.92,110.92,111.08
59,2015-05-26,110.89,109.1,110.7,109.54
60,2015-05-27,111.55,109.73,109.84,111.41
61,2015-05-28,111.45,111.0,111.28,111.35
62,2015-05-29,111.35,110.26,111.25,110.58
63,2015-06-01,111.26,110.13,110.98,110.91
64,2015-06-02,111.18,109.91,110.76,110.65
65,2015-06-03,111.54,110.79,111.22,111.06
66,2015-06-04,110.98,109.73,110.73,110.02
67,2015-06-05,110.17,109.27,109.87,109.98
68,2015-06-08,110.1,108.37,110.1,108.6
69,2015-06-09,108.73,107.5,108.52,108.41
70,2015-06-10,110.32,108.76,108.83,110.05
71,2015-06-11,110.68,109.95,110.29,110.07
72,2015-06-12,109.7,109.12,109.43,109.28
73,2015-06-15,108.78,107.69,108.48,108.68
74,2015-06-16,109.56,108.55,108.84,109.36
75,2015-06-17,109.88,108.96,109.49,109.52
76,2015-06-18,110.62,109.49,109.49,110.44
77,2015-06-19,110.56,109.62,110.47,109.64
78,2015-06-22,110.7,110.14,110.45,110.37
79,2015-06-23,110.69,110.06,110.69,110.43
80,2015-06-24,110.69,109.79,110.18,109.82
81,2015-06-25,110.34,109.38,110.24,109.55
82,2015-06-26,109.45,108.1,109.2,108.49
83,2015-06-29,107.82,105.93,107.46,106.02
84,2015-06-30,106.86,105.85,106.86,106.23
85,2015-07-01,107.77,106.36,107.29,106.8
86,2015-07-02,107.22,106.43,107.02,106.89
87,2015-07-06,106.93,105.75,106.1,106.45
88,2015-07-07,106.58,104.43,106.49,106.47
89,2015-07-08,105.79,104.59,105.54,104.67
90,2015-07-09,106.22,104.38,105.71,104.44
91,2015-07-10,106.33,105.41,105.48,105.99
92,2015-07-13,107.69,106.83,106.84,107.55
93,2015-07-14,108.36,107.62,107.62,108.07
94,2015-07-15,108.49,107.8,108.2,108.1
95,2015-07-16,109.35,108.68,108.75,109.34
96,2015-07-17,110.9,110.02,110.22,110.85
97,2015-07-20,111.73,110.89,111.3,111.34
98,2015-07-21,111.46,110.71,111.25,110.81
99,2015-07-22,109.71,108.28,109.71,109.25
100,2015-07-23,110.11,108.79,109.55,109.06
101,2015-07-24,109.68,108.17,109.68,108.31
102,2015-07-27,107.95,107.04,107.76,107.21
103,2015-07-28,108.5,106.93,107.8,108.29
104,2015-07-29,109.0,107.72,108.28,108.86
105,2015-07-30,109.29,107.91,108.59,109.12
106,2015-07-31,109.38,108.47,109.38,108.64
107,2015-08-03,108.72,107.26,108.56,107.99
108,2015-08-04,107.91,106.94,107.84,107.32
109,2015-08-05,109.22,107.73,107.94,108.37
110,2015-08-06,108.89,106.92,108.54,107.24
111,2015-08-07,107.45,106.59,107.19,107.33
112,2015-08-10,109.18,108.23,108.23,108.97
113,2015-08-11,108.7,106.84,108.65,107.19
114,2015-08-12,107.91,105.4,106.58,107.71
115,2015-08-13,108.16,107.26,107.94,107.44
116,2015-08-14,108.13,107.08,107.08,108.01
117,2015-08-17,108.71,107.2,107.68,108.71
118,2015-08-18,108.48,107.86,108.33,108.03
119,2015-08-19,108.09,106.63,107.57,107.14
120,2015-08-20,106.47,104.38,106.16,104.38
121,2015-08-21,104.04,100.45,102.61,100.46
122,2015-08-24,100.52,77.11,99.46,96.8
123,2015-08-25,101.2,95.75,97.88,95.76
124,2015-08-26,100.74,96.71,96.71,100.54
125,2015-08-27,102.96,100.72,101.56,102.96
126,2015-08-28,103.31,102.37,102.53,103.18
127,2015-08-31,103.48,102.06,102.79,102.34
128,2015-09-01,101.32,98.51,101.32,99.08
129,2015-09-02,101.4,99.47,100.07,101.4
130,2015-09-03,102.74,101.17,101.81,101.5
131,2015-09-04,100.72,99.56,100.5,100.03
132,2015-09-08,102.93,101.68,102.17,102.82
133,2015-09-09,104.02,101.34,103.59,101.58
134,2015-09-10,103.25,101.29,101.46,102.58
135,2015-09-11,103.08,101.84,102.02,103.08
136,2015-09-14,103.59,102.53,103.5,102.78
137,2015-09-15,104.4,102.86,103.13,104.09
138,2015-09-16,104.79,103.91,104.18,104.66
139,2015-09-17,105.7,103.93,104.48,104.09
140,2015-09-18,103.85,102.55,102.9,102.79
141,2015-09-21,104.18,102.84,103.35,103.64
142,2015-09-22,102.4,101.3,102.11,102.02
143,2015-09-23,101.56,100.63,101.3,101.18
144,2015-09-24,101.34,99.37,100.17,101.08
145,2015-09-25,102.22,100.32,102.0,100.84
146,2015-09-28,100.58,98.39,100.3,98.46
147,2015-09-29,99.32,97.25,98.83,97.95
148,2015-09-30,100.1,98.84,99.16,100.0
149,2015-10-01,100.32,98.66,100.32,100.05
150,2015-10-02,101.59,98.53,98.83,101.57
151,2015-10-05,103.89,102.11,102.11,103.59
152,2015-10-06,104.0,103.23,103.44,103.83
153,2015-10-07,104.69,103.04,104.47,104.39
154,2015-10-08,105.13,103.55,104.21,104.9
155,2015-10-09,105.5,104.84,105.05,105.45
156,2015-10-12,105.71,105.03,105.71,105.54
157,2015-10-13,105.9,104.91,104.99,105.05
158,2015-10-14,105.55,104.47,104.85,104.98
159,2015-10-15,106.3,105.24,105.25,106.22
160,2015-10-16,106.51,105.86,106.37,106.51
161,2015-10-19,106.88,106.0,106.29,106.86
162,2015-10-20,106.78,106.1,106.5,106.48
163,2015-10-21,106.82,105.41,106.65,105.47
164,2015-10-22,108.1,106.32,106.32,107.88
165,2015-10-23,111.21,109.98,110.65,110.81
166,2015-10-26,110.69,109.9,110.69,110.31
167,2015-10-27,110.33,109.47,110.05,109.62
168,2015-10-28,111.54,109.92,110.04,111.54
169,2015-10-29,111.16,110.48,110.76,111.02
170,2015-10-30,111.36,110.46,111.22,110.46
171,2015-11-02,111.64,110.39,110.97,111.52
172,2015-11-03,112.71,111.02,111.24,112.25
173,2015-11-04,112.72,112.19,112.59,112.46
174,2015-11-05,113.09,111.89,113.0,112.12
175,2015-11-06,112.79,111.8,111.95,112.78
176,2015-11-09,112.8,111.1,112.8,111.71
177,2015-11-10,111.3,110.37,111.3,110.89
178,2015-11-11,111.65,110.64,111.15,110.83
179,2015-11-12,110.77,109.67,110.36,109.72
180,2015-11-13,109.4,107.53,109.21,107.57
181,2015-11-16,109.06,107.23,107.43,109.01
182,2015-11-17,109.94,108.85,109.12,109.08
183,2015-11-18,110.89,109.45,109.72,110.82
184,2015-11-19,111.84,110.83,110.83,111.27
185,2015-11-20,112.24,111.67,111.7,112.12
186,2015-11-23,112.56,111.17,112.56,111.53
187,2015-11-24,111.92,110.42,110.81,111.67
188,2015-11-25,111.79,111.35,111.71,111.42
189,2015-11-27,111.87,111.34,111.49,111.61
190,2015-11-30,112.09,111.45,112.03,111.77
191,2015-12-01,112.8,112.0,112.1,112.77
192,2015-12-02,113.32,112.04,112.83,112.17
193,2015-12-03,112.78,110.05,112.76,110.61
194,2015-12-04,113.25,110.7,110.93,113.02
195,2015-12-07,112.99,111.83,112.99,112.29
196,2015-12-08,112.36,110.93,111.25,112.1
197,2015-12-09,112.27,109.89,111.67,110.42
198,2015-12-10,111.46,110.31,110.87,110.68
199,2015-12-11,109.72,108.25,109.67,108.37
200,2015-12-14,108.92,107.0,108.37,108.92
201,2015-12-15,110.21,109.33,109.74,109.44
202,2015-12-16,111.11,109.25,110.24,110.9
203,2015-12-17,111.38,109.16,111.36,109.21
204,2015-12-18,109.05,107.03,109.0,107.05
205,2015-12-21,108.24,107.23,108.09,108.1
206,2015-12-22,108.96,107.94,108.5,108.81
207,2015-12-23,109.4,108.76,109.09,109.36
208,2015-12-24,109.66,109.24,109.42,109.31
209,2015-12-28,109.29,108.25,109.04,109.29
210,2015-12-29,110.96,109.8,109.94,110.65
211,2015-12-30,110.67,109.76,110.67,109.8
212,2015-12-31,109.87,108.26,109.87,108.29
213,2016-01-04,106.61,104.94,106.31,106.61
214,2016-01-05,107.15,105.75,106.96,106.1
215,2016-01-06,105.37,103.97,104.56,104.66
216,2016-01-07,103.64,101.24,102.52,101.29
217,2016-01-08,102.5,100.26,102.2,100.42
218,2016-01-11,101.38,99.59,101.03,100.91
219,2016-01-12,102.43,100.72,101.99,102.06
220,2016-01-13,102.85,98.95,102.58,99.2
221,2016-01-14,101.82,98.24,99.47,101.11
222,2016-01-15,98.95,96.69,97.92,98.1
223,2016-01-19,99.29,96.91,99.13,97.84
224,2016-01-20,98.25,94.31,96.22,97.32
225,2016-01-21,99.06,96.5,97.76,97.57
226,2016-01-22,100.32,99.36,99.44,100.3
227,2016-01-25,100.38,98.74,100.14,98.82
228,2016-01-26,100.14,98.58,99.26,99.84
229,2016-01-27,99.46,97.1,99.09,97.44
230,2016-01-28,98.95,97.43,98.63,98.52
231,2016-01-29,101.93,99.3,99.3,101.93
232,2016-02-01,102.62,101.2,101.45,102.18
233,2016-02-02,101.8,99.8,101.8,100.11
234,2016-02-03,101.05,98.26,100.72,99.88
235,2016-02-04,100.81,99.0,99.63,100.12
236,2016-02-05,99.62,96.08,99.49,96.37
237,2016-02-08,94.92,92.95,94.75,94.63
238,2016-02-09,95.85,93.37,93.54,94.19
239,2016-02-10,96.52,94.5,95.24,94.62
240,2016-02-11,94.98,93.06,93.4,94.29
241,2016-02-12,95.79,94.56,95.25,95.67
242,2016-02-16,97.8,96.49,96.8,97.66
243,2016-02-17,100.17,98.22,98.39,100.06
244,2016-02-18,100.5,99.31,100.43,99.43
245,2016-02-19,100.06,98.92,99.13,99.83
246,2016-02-22,101.35,100.73,101.13,101.2
247,2016-02-23,100.91,99.41,100.73,99.48
248,2016-02-24,100.6,97.83,98.39,100.44
249,2016-02-25,101.64,99.81,100.71,101.62
250,2016-02-26,102.44,101.31,102.19,101.52
251,2016-02-29,102.47,100.94,101.52,100.94
252,2016-03-01,104.0,101.66,101.78,104.0
253,2016-03-02,104.28,103.46,103.86,104.27
254,2016-03-03,104.4,103.48,104.31,104.31
255,2016-03-04,105.28,103.99,104.55,104.63
256,2016-03-07,104.55,103.22,104.21,104.06
257,2016-03-08,103.98,102.89,103.39,103.02
258,2016-03-09,104.05,103.24,103.41,103.99
259,2016-03-10,104.93,102.44,104.54,103.76
260,2016-03-11,105.6,104.62,104.79,105.57
261,2016-03-14,105.88,105.18,105.21,105.61
262,2016-03-15,105.95,105.06,105.35,105.84
263,2016-03-16,107.24,105.57,105.72,107.02
264,2016-03-17,107.88,106.78,106.78,107.61
265,2016-03-18,108.19,107.43,108.15,107.97
266,2016-03-21,107.97,107.29,107.39,107.86
267,2016-03-22,108.36,107.23,107.43,107.99
268,2016-03-23,107.9,106.95,107.9,107.15
269,2016-03-24,107.33,106.45,106.7,107.3
270,2016-03-28,107.61,106.88,107.5,107.05
271,2016-03-29,108.99,106.77,106.87,108.87
272,2016-03-30,110.23,109.31,109.53,109.61
273,2016-03-31,110.0,109.35,109.55,109.53
274,2016-04-01,110.38,108.67,108.9,110.36
275,2016-04-04,110.41,109.61,110.31,109.78
276,2016-04-05,109.37,108.49,109.01,108.64
277,2016-04-06,109.85,108.31,108.78,109.83
278,2016-04-07,109.21,107.86,109.16,108.25
279,2016-04-08,109.28,107.93,108.87,108.28
280,2016-04-11,109.53,108.0,108.73,108.06
281,2016-04-12,108.68,107.24,108.18,108.56
282,2016-04-13,110.37,109.17,109.33,110.26
283,2016-04-14,110.4,109.69,110.19,110.1
284,2016-04-15,110.2,109.45,110.08,109.55
285,2016-04-18,110.13,109.11,109.11,110.11
286,2016-04-19,110.39,108.76,110.39,109.43
287,2016-04-20,110.24,109.16,109.45,109.7
288,2016-04-21,110.08,109.41,109.82,109.62
289,2016-04-22,108.55,107.32,108.06,107.98
290,2016-04-25,108.0,107.31,107.6,107.77
291,2016-04-26,108.24,107.16,107.92,107.58
292,2016-04-27,106.93,105.68,106.01,106.8
293,2016-04-28,107.44,105.1,106.93,105.37
294,2016-04-29,105.0,103.51,104.9,104.41
295,2016-05-02,105.19,104.05,104.5,105.02
296,2016-05-03,104.56,103.72,104.37,104.07
297,2016-05-04,104.04,103.32,103.6,103.61
298,2016-05-05,104.22,103.45,103.88,103.62
299,2016-05-06,104.3,103.17,103.41,104.28
300,2016-05-09,104.88,104.3,104.51,104.38
301,2016-05-10,105.81,104.56,104.68,105.75
302,2016-05-11,106.16,105.06,105.53,105.07
303,2016-05-12,105.46,103.86,105.46,104.53
304,2016-05-13,105.25,104.08,104.53,104.28
305,2016-05-16,106.05,104.4,104.4,105.63
306,2016-05-17,105.84,104.26,105.56,104.54
307,2016-05-18,105.83,104.42,104.43,105.13
308,2016-05-19,105.11,103.85,104.77,104.56
309,2016-05-20,106.22,104.98,105.0,105.89
310,2016-05-23,106.49,105.85,105.92,105.87
311,2016-05-24,108.3,106.52,106.52,108.12
312,2016-05-25,109.2,108.44,108.84,108.87
313,2016-05-26,109.35,108.62,108.96,109.17
314,2016-05-27,109.83,109.08,109.1,109.81
315,2016-05-31,110.08,109.34,109.89,109.99
316,2016-06-01,110.15,109.44,109.62,109.93
317,2016-06-02,109.93,108.97,109.69,109.93
318,2016-06-03,109.85,108.94,109.66,109.55
319,2016-06-06,110.28,109.64,109.75,109.96
320,2016-06-07,110.58,110.12,110.19,110.18
321,2016-06-08,110.65,110.06,110.35,110.54
322,2016-06-09,110.53,109.97,110.03,110.45
323,2016-06-10,109.62,108.81,109.43,109.12
324,2016-06-13,109.1,108.07,108.53,108.13
325,2016-06-14,108.55,107.52,107.87,108.24
326,2016-06-15,108.75,107.98,108.55,108.05
327,2016-06-16,108.36,106.8,107.54,108.25
328,2016-06-17,108.25,106.95,108.25,107.26
329,2016-06-20,108.98,107.95,108.31,108.05
330,2016-06-21,108.46,107.86,107.93,108.25
331,2016-06-22,108.66,107.66,108.3,107.77
332,2016-06-23,109.44,108.13,108.51,109.44
333,2016-06-24,106.83,104.48,105.31,104.69
334,2016-06-27,103.83,101.46,103.83,101.94
335,2016-06-28,104.03,102.91,103.07,104.03
336,2016-06-29,105.98,104.75,104.85,105.76
337,2016-06-30,107.09,105.75,105.98,107.09
338,2016-07-01,107.66,106.85,106.97,107.16
339,2016-07-05,106.67,105.8,106.57,106.29
340,2016-07-06,106.93,105.42,105.82,106.87
341,2016-07-07,107.64,106.81,107.01,107.21
342,2016-07-08,109.18,107.85,107.97,109.15
343,2016-07-11,110.11,109.51,109.51,109.82
344,2016-07-12,111.2,110.4,110.55,110.91
345,2016-07-13,111.31,110.79,111.17,110.83
346,2016-07-14,111.84,111.29,111.5,111.63
347,2016-07-15,111.94,111.2,111.93,111.44
348,2016-07-18,112.4,111.49,111.65,112.22
349,2016-07-19,112.32,111.85,112.05,112.05
350,2016-07-20,113.83,112.83,112.85,113.57
351,2016-07-21,113.81,112.66,113.7,112.9
352,2016-07-22,113.56,112.47,112.98,113.54
353,2016-07-25,113.72,113.22,113.53,113.51
354,2016-07-26,114.26,113.37,113.65,114.03
355,2016-07-27,115.3,114.39,115.18,114.9
356,2016-07-28,115.41,114.65,115.15,115.18
357,2016-07-29,115.56,114.91,115.5,115.2
358,2016-08-01,115.92,115.17,115.38,115.71
359,2016-08-02,115.68,114.08,115.57,114.63
360,2016-08-03,115.09,114.44,114.48,115.07
361,2016-08-04,115.85,115.1,115.15,115.73
362,2016-08-05,117.18,116.04,116.2,117.09
363,2016-08-08,117.38,116.85,117.24,117.11
364,2016-08-09,117.66,117.13,117.23,117.31
365,2016-08-10,117.39,116.76,117.39,116.99
366,2016-08-11,117.64,117.17,117.25,117.43
367,2016-08-12,117.46,117.04,117.25,117.34
368,2016-08-15,118.29,117.32,117.55,118.01
369,2016-08-16,117.8,117.38,117.74,117.4
370,2016-08-17,117.41,116.6,117.41,117.25
371,2016-08-18,117.52,117.03,117.14,117.44
372,2016-08-19,117.82,117.04,117.26,117.7
373,2016-08-22,117.85,117.23,117.59,117.65
374,2016-08-23,118.47,118.07,118.07,118.2
375,2016-08-24,118.2,117.28,118.19,117.55
376,2016-08-25,117.97,117.23,117.34,117.79
377,2016-08-26,118.68,117.28,117.8,117.9
378,2016-08-29,118.57,117.87,117.95,118.22
379,2016-08-30,118.45,117.61,118.05,118.0
380,2016-08-31,117.93,117.4,117.84,117.89
381,2016-09-01,118.35,117.31,117.7,118.33
382,2016-09-02,119.16,118.36,118.69,118.83
383,2016-09-06,119.34,118.73,119.06,119.34
384,2016-09-07,119.69,119.04,119.35,119.62
385,2016-09-08,119.3,118.34,119.23,118.61
386,2016-09-09,118.0,115.82,117.78,115.82
387,2016-09-12,117.81,115.0,115.09,117.66
388,2016-09-13,117.66,116.32,117.24,116.83
389,2016-09-14,118.04,116.92,116.92,117.42
390,2016-09-15,119.52,117.48,117.6,119.36
391,2016-09-16,119.4,118.4,119.4,118.92
392,2016-09-19,120.02,118.55,119.31,118.79
393,2016-09-20,119.11,118.24,118.84,118.36
394,2016-09-21,119.81,118.4,118.88,119.7
395,2016-09-22,120.64,120.24,120.36,120.52
396,2016-09-23,120.31,119.22,120.31,119.44
397,2016-09-26,119.09,118.39,118.82,118.68
398,2016-09-27,120.04,118.64,118.78,120.03
399,2016-09-28,120.47,119.66,120.13,120.41
400,2016-09-29,120.55,119.3,120.32,119.7
401,2016-09-30,120.73,119.74,119.98,120.37
402,2016-10-03,120.42,119.73,120.18,120.02
403,2016-10-04,120.67,119.35,120.33,119.77
404,2016-10-05,120.79,119.96,120.04,120.39
405,2016-10-06,120.69,119.83,120.42,120.57
406,2016-10-07,120.82,119.62,120.67,120.18
407,2016-10-10,121.35,120.18,120.18,120.95
408,2016-10-11,121.17,118.82,121.01,119.35
409,2016-10-12,119.75,118.7,119.44,119.39
410,2016-10-13,118.96,117.5,118.59,118.62
411,2016-10-14,119.89,118.91,119.1,119.06
412,2016-10-17,119.26,118.67,119.02,118.75
413,2016-10-18,119.99,119.31,119.63,119.5
414,2016-10-19,119.8,119.33,119.39,119.62
415,2016-10-20,119.57,118.71,119.55,119.32
416,2016-10-21,119.98,119.07,119.54,119.93
417,2016-10-24,121.4,120.6,120.6,121.31
418,2016-10-25,121.42,120.58,121.42,120.86
419,2016-10-26,120.88,119.84,120.02,120.25
420,2016-10-27,120.77,119.54,120.74,119.65
421,2016-10-28,120.93,119.4,119.99,119.71
422,2016-10-31,120.14,119.69,120.0,119.72
423,2016-11-01,120.04,117.82,119.84,118.75
424,2016-11-02,119.02,117.54,118.67,117.83
425,2016-11-03,117.85,116.73,117.52,116.93
426,2016-11-04,117.62,116.34,116.85,116.6
427,2016-11-07,119.34,118.3,118.35,119.28
428,2016-11-08,120.39,118.84,119.25,119.87
429,2016-11-09,119.97,117.37,117.42,119.7
430,2016-11-10,120.65,116.45,120.34,118.05
431,2016-11-11,118.88,117.51,117.9,118.77
432,2016-11-14,118.87,116.5,118.86,117.12
433,2016-11-15,119.12,117.84,117.87,118.69
434,2016-11-16,119.76,118.25,118.28,119.72
435,2016-11-17,120.67,119.46,119.79,120.67
436,2016-11-18,121.06,120.23,120.79,120.39
437,2016-11-21,121.65,120.59,120.78,121.57
438,2016-11-22,121.97,121.44,121.97,121.73
439,2016-11-23,121.75,120.81,121.55,121.3
440,2016-11-25,121.69,121.2,121.29,121.62
441,2016-11-28,122.17,121.4,121.57,121.54
442,2016-11-29,122.26,121.2,121.53,121.69
443,2016-11-30,121.89,120.34,121.88,120.35
444,2016-12-01,120.5,117.13,120.36,117.43
445,2016-12-02,118.15,116.89,117.33,117.87
446,2016-12-05,119.55,118.13,118.54,119.19
447,2016-12-06,119.8,118.94,119.52,119.57
448,2016-12-07,121.84,119.45,119.61,121.68
449,2016-12-08,122.76,121.65,121.81,122.37
450,2016-12-09,123.08,122.5,122.72,123.02
451,2016-12-12,122.77,121.9,122.57,122.42
452,2016-12-13,124.5,122.77,122.77,123.82
453,2016-12-14,123.96,122.81,123.46,123.02
454,2016-12-15,124.23,123.04,123.21,123.56
455,2016-12-16,123.86,122.47,123.83,122.69
456,2016-12-19,123.89,122.67,123.04,123.41
457,2016-12-20,124.03,123.46,123.76,123.83
458,2016-12-21,123.87,123.28,123.87,123.47
459,2016-12-22,123.67,122.63,123.67,123.0
460,2016-12-23,123.18,122.74,122.83,123.17
461,2016-12-27,124.35,123.26,123.34,123.79
462,2016-12-28,124.08,122.5,124.04,122.55
463,2016-12-29,122.96,122.17,122.46,122.62
464,2016-12-30,122.86,121.2,122.79,121.5
465,2017-01-03,123.11,121.73,122.29,122.46
466,2017-01-04,123.38,122.61,122.61,123.2
467,2017-01-05,123.75,122.87,123.04,123.29
468,2017-01-06,124.69,123.1,123.36,124.42
469,2017-01-09,124.98,124.46,124.55,124.64
470,2017-01-10,125.13,124.3,124.65,124.63
471,2017-01-11,125.39,124.42,124.65,125.39
472,2017-01-12,125.48,123.69,125.01,125.01
473,2017-01-13,125.7,125.0,125.06,125.5
474,2017-01-17,125.22,124.46,125.18,124.8
475,2017-01-18,125.37,124.72,125.05,125.28
476,2017-01-19,125.71,124.77,125.17,124.92
477,2017-01-20,125.89,125.24,125.53,125.59
478,2017-01-23,125.78,124.85,125.47,125.65
479,2017-01-24,127.22,125.82,125.88,126.99
480,2017-01-25,128.4,127.81,127.91,128.35
481,2017-01-26,128.59,127.64,128.53,128.03
482,2017-01-27,128.6,128.12,128.42,128.39
483,2017-01-30,127.99,126.57,127.99,127.35
484,2017-01-31,126.96,126.06,126.82,126.74
485,2017-02-01,128.09,127.0,127.97,127.65
486,2017-02-02,128.02,126.85,127.4,127.71
487,2017-02-03,128.88,128.29,128.39,128.73
488,2017-02-06,128.91,128.29,128.61,128.91
489,2017-02-07,129.67,129.04,129.15,129.37
490,2017-02-08,129.84,128.95,129.37,129.59
491,2017-02-09,130.5,129.59,129.59,130.22
492,2017-02-10,130.76,130.09,130.54,130.53
493,2017-02-13,131.47,130.97,130.97,131.25
494,2017-02-14,131.74,130.82,131.16,131.72
495,2017-02-15,132.4,131.6,131.82,132.3
496,2017-02-16,132.85,132.12,132.55,132.48
497,2017-02-17,132.87,132.12,132.32,132.87
498,2017-02-21,133.7,133.14,133.23,133.66
499,2017-02-22,133.85,133.23,133.52,133.83
500,2017-02-23,134.04,132.9,134.04,133.52
501,2017-02-24,133.79,132.43,132.65,133.79
502,2017-02-27,133.85,133.34,133.68,133.82
503,2017-02-28,133.69,132.85,133.69,133.0
504,2017-03-01,135.07,133.65,133.71,134.87
505,2017-03-02,134.81,133.8,134.81,133.87
506,2017-03-03,134.11,133.43,133.85,134.1
507,2017-03-06,134.06,133.28,133.57,133.85
508,2017-03-07,134.45,133.61,133.69,133.96
509,2017-03-08,134.53,133.93,134.05,134.12
510,2017-03-09,134.21,133.34,134.13,134.04
511,2017-03-10,134.95,134.16,134.73,134.73
512,2017-03-13,135.0,134.65,134.7,134.91
513,2017-03-14,134.7,133.96,134.7,134.54
514,2017-03-15,135.68,134.35,134.8,135.4
515,2017-03-16,136.12,135.47,136.01,135.77
516,2017-03-17,136.3,135.79,136.19,135.79
517,2017-03-20,136.31,135.59,135.94,135.97
518,2017-03-21,136.67,133.66,136.49,133.78
519,2017-03-22,134.85,133.68,133.7,134.79
520,2017-03-23,134.94,134.16,134.47,134.46
521,2017-03-24,135.05,133.69,134.64,134.19
522,2017-03-27,134.55,132.71,133.12,134.29
523,2017-03-28,135.58,133.94,134.31,135.22
524,2017-03-29,135.63,134.88,135.18,135.54
525,2017-03-30,135.92,135.4,135.65,135.68
526,2017-03-31,136.01,135.36,135.59,135.63
527,2017-04-03,135.96,134.45,135.68,135.23
528,2017-04-04,135.24,134.73,134.76,135.15
529,2017-04-05,136.26,134.45,135.46,134.66
530,2017-04-06,135.11,134.32,134.79,134.72
531,2017-04-07,135.03,134.21,134.66,134.63
532,2017-04-10,135.2,134.25,134.8,134.56
533,2017-04-11,134.49,132.87,134.34,134.09
534,2017-04-12,134.06,133.23,133.99,133.4
535,2017-04-13,134.16,132.88,133.28,132.9
536,2017-04-17,134.19,133.25,133.25,134.16
537,2017-04-18,134.37,133.57,133.77,134.13
538,2017-04-19,134.91,133.93,134.49,134.15
539,2017-04-20,135.75,134.44,134.71,135.51
540,2017-04-21,135.69,135.15,135.57,135.41
541,2017-04-24,137.29,136.68,136.89,137.21
542,2017-04-25,138.32,137.34,137.64,138.06
543,2017-04-26,138.29,137.61,138.09,137.74
544,2017-04-27,138.61,138.05,138.24,138.59
545,2017-04-28,139.2,138.47,139.12,138.8
546,2017-05-01,140.21,139.06,139.29,140.04
547,2017-05-02,140.54,139.84,140.36,140.32
548,2017-05-03,140.21,139.44,140.04,140.07
549,2017-05-04,140.48,139.8,140.15,140.27
550,2017-05-05,140.92,140.1,140.55,140.92
551,2017-05-08,141.49,140.78,140.96,141.39
552,2017-05-09,142.06,141.41,141.62,141.69
553,2017-05-10,142.36,141.53,141.85,142.24
554,2017-05-11,142.1,141.19,141.91,142.05
555,2017-05-12,142.46,141.94,142.11,142.44
556,2017-05-15,143.4,142.56,142.64,143.4
557,2017-05-16,144.2,143.21,143.67,144.2
558,2017-05-17,143.08,139.98,142.92,140.05
559,2017-05-18,141.22,139.3,139.75,140.73
560,2017-05-19,142.04,141.37,141.4,141.53
561,2017-05-22,143.05,141.94,141.96,142.98
562,2017-05-23,143.53,142.7,143.46,143.1
563,2017-05-24,143.9,143.25,143.52,143.8
564,2017-05-25,145.27,144.1,144.43,144.96
565,2017-05-26,145.01,144.46,144.97,144.96
566,2017-05-30,145.43,144.8,144.88,145.32
567,2017-05-31,145.84,144.37,145.77,144.92
568,2017-06-01,145.63,144.58,145.37,145.63
569,2017-06-02,147.05,145.6,146.11,146.96
570,2017-06-05,147.57,146.79,146.97,147.12
571,2017-06-06,147.6,146.65,146.95,146.88
572,2017-06-07,147.51,146.48,147.28,147.2
573,2017-06-08,147.88,146.8,147.57,147.79
574,2017-06-09,148.26,141.57,148.02,143.69
575,2017-06-12,142.94,140.01,142.27,142.6
576,2017-06-13,144.34,142.66,143.64,143.84
577,2017-06-14,144.52,141.86,144.5,143.01
578,2017-06-15,142.51,140.57,141.38,142.34
579,2017-06-16,142.45,141.45,142.2,142.11
580,2017-06-19,144.47,143.15,143.31,144.4
581,2017-06-20,144.52,143.18,144.33,143.2
582,2017-06-21,144.21,143.39,143.62,144.17
583,2017-06-22,144.8,143.72,144.7,144.39
584,2017-06-23,145.8,143.98,144.23,145.34
585,2017-06-26,146.58,144.43,146.26,144.56
586,2017-06-27,144.18,142.13,144.09,142.13
587,2017-06-28,143.79,141.3,142.23,143.57
588,2017-06-29,142.96,139.75,142.96,141.03
589,2017-06-30,141.84,140.7,141.52,140.84
590,2017-07-03,141.71,139.52,141.58,139.7
591,2017-07-05,141.42,139.79,140.16,141.14
592,2017-07-06,140.61,139.43,140.12,139.87
593,2017-07-07,142.18,140.32,140.32,141.7
594,2017-07-10,143.1,141.47,141.72,142.73
595,2017-07-11,143.43,142.19,142.6,143.28
596,2017-07-12,145.35,144.23,144.4,145.24
597,2017-07-13,146.06,145.19,145.47,145.59
598,2017-07-14,146.96,145.89,146.15,146.78
599,2017-07-17,147.23,146.5,146.99,146.87
600,2017-07-18,147.57,146.1,146.68,147.57
601,2017-07-19,148.63,147.75,147.86,148.46
602,2017-07-20,148.86,147.81,148.86,148.6
603,2017-07-21,148.42,147.75,148.02,148.28
604,2017-07-24,149.01,148.03,148.32,148.87
605,2017-07-25,148.97,147.9,148.39,148.69
606,2017-07-26,149.22,148.46,149.14,148.96
607,2017-07-27,149.78,145.78,149.78,147.61
608,2017-07-28,147.73,146.75,146.86,147.4
609,2017-07-31,147.97,146.43,147.72,146.66
610,2017-08-01,147.47,146.86,147.23,147.44
611,2017-08-02,148.8,146.6,148.8,147.64
612,2017-08-03,147.8,146.89,147.78,147.23
613,2017-08-04,147.93,147.2,147.54,147.44
614,2017-08-07,148.39,147.6,147.67,148.34
615,2017-08-08,149.34,147.78,148.09,148.15
616,2017-08-09,148.1,147.05,147.15,148.01
617,2017-08-10,147.41,144.77,147.2,144.86
618,2017-08-11,146.35,144.92,144.95,146.0
619,2017-08-14,148.5,147.17,147.28,148.36
620,2017-08-15,148.89,148.19,148.71,148.65
621,2017-08-16,149.74,148.64,149.0,149.16
622,2017-08-17,148.83,146.2,148.48,146.2
623,2017-08-18,147.09,145.56,146.17,146.16
624,2017-08-21,146.32,144.98,146.19,145.99
625,2017-08-22,148.29,146.72,146.77,148.14
626,2017-08-23,148.24,147.2,147.45,147.87
627,2017-08-24,148.46,147.07,148.33,147.85
628,2017-08-25,148.76,147.5,148.37,147.75
629,2017-08-28,148.34,147.63,148.16,148.13
630,2017-08-29,148.97,146.7,146.86,148.73
631,2017-08-30,150.17,148.79,148.95,150.11
632,2017-08-31,151.43,150.3,150.46,151.22
633,2017-09-01,151.72,150.87,151.55,151.11
634,2017-09-05,151.0,148.72,150.51,149.83
635,2017-09-06,150.5,149.23,150.35,150.06
636,2017-09-07,150.96,150.04,150.38,150.76
637,2017-09-08,150.64,149.46,150.64,149.56
638,2017-09-11,151.89,150.77,150.78,151.8
639,2017-09-12,152.36,151.4,152.3,152.07
640,2017-09-13,151.86,151.34,151.86,151.79
641,2017-09-14,151.97,150.9,151.3,151.38
642,2017-09-15,152.02,150.91,151.24,151.81
643,2017-09-18,152.63,151.5,152.05,151.97
644,2017-09-19,152.73,151.86,152.32,152.49
645,2017-09-20,152.44,150.62,152.44,151.73
646,2017-09-21,151.58,150.33,151.58,150.88
647,2017-09-22,151.18,150.28,150.34,151.0
648,2017-09-25,150.57,148.23,150.57,148.94
649,2017-09-26,150.15,148.97,149.72,149.43
650,2017-09-27,151.32,149.76,149.94,150.82
651,2017-09-28,151.07,150.18,150.61,151.04
652,2017-09-29,152.16,151.14,151.35,151.99
653,2017-10-02,152.83,151.6,152.41,152.42
654,2017-10-03,152.87,152.42,152.68,152.81
655,2017-10-04,152.95,152.06,152.58,152.72
656,2017-10-05,154.25,153.07,153.36,154.16
657,2017-10-06,154.69,153.63,153.84,154.63
658,2017-10-09,155.35,154.77,154.93,154.97
659,2017-10-10,155.94,154.33,155.48,155.07
660,2017-10-11,155.74,154.9,154.97,155.7
661,2017-10-12,156.37,155.53,155.61,155.82
662,2017-10-13,156.86,156.09,156.49,156.53
663,2017-10-16,157.09,156.45,156.9,156.95
664,2017-10-17,156.93,156.5,156.89,156.87
665,2017-10-18,157.7,156.91,157.4,157.41
666,2017-10-19,156.89,155.6,156.56,156.89
667,2017-10-20,158.24,157.65,157.8,157.94
668,2017-10-23,158.42,157.17,158.42,157.37
669,2017-10-24,158.12,157.16,157.61,157.88
670,2017-10-25,158.19,156.12,157.5,157.3
671,2017-10-26,158.47,157.7,158.08,157.96
672,2017-10-27,162.4,160.41,160.5,161.99
673,2017-10-30,162.95,160.5,160.5,162.52
674,2017-10-31,163.61,162.41,163.08,163.23
675,2017-11-01,164.11,162.28,164.0,163.17
676,2017-11-02,163.4,162.03,163.06,163.29
677,2017-11-03,164.74,163.13,164.22,164.59
678,2017-11-06,165.38,164.65,164.7,165.33
679,2017-11-07,165.56,164.6,165.56,165.26
680,2017-11-08,166.24,164.84,165.3,166.22
681,2017-11-09,165.08,163.02,164.97,164.74
682,2017-11-10,164.91,164.13,164.51,164.8
683,2017-11-13,164.87,164.02,164.28,164.77
684,2017-11-14,164.68,163.6,164.33,164.48
685,2017-11-15,163.87,162.71,163.69,163.23
686,2017-11-16,165.85,164.25,164.35,165.48
687,2017-11-17,165.37,164.47,165.35,164.64
688,2017-11-20,165.39,164.78,164.9,165.22
689,2017-11-21,167.28,165.95,166.06,167.25
690,2017-11-22,167.37,166.63,167.37,166.81
691,2017-11-24,167.85,167.05,167.17,167.77
692,2017-11-27,167.93,167.13,167.64,167.59
693,2017-11-28,168.23,167.09,167.92,168.01
694,2017-11-29,167.94,162.45,167.84,163.65
695,2017-11-30,165.47,163.68,164.48,165.01
696,2017-12-01,164.92,161.53,164.15,164.1
697,2017-12-04,165.36,160.79,165.12,160.91
698,2017-12-05,163.13,159.99,160.71,161.28
699,2017-12-06,162.65,160.22,160.49,162.31
700,2017-12-07,163.77,162.43,162.43,163.48
701,2017-12-08,165.14,163.81,164.08,164.1
702,2017-12-11,165.47,164.09,164.09,165.41
703,2017-12-12,165.76,164.67,165.36,164.99
704,2017-12-13,165.95,164.99,165.58,165.16
705,2017-12-14,165.58,164.46,165.05,164.57
706,2017-12-15,166.73,164.59,165.08,166.46
707,2017-12-18,168.18,167.5,167.63,168.03
708,2017-12-19,167.81,166.64,167.79,167.14
709,2017-12-20,167.83,166.13,167.78,166.96
710,2017-12-21,167.57,166.39,167.29,166.54
711,2017-12-22,166.87,165.99,166.51,166.34
712,2017-12-26,165.35,164.46,165.35,165.18
713,2017-12-27,165.7,165.05,165.17,165.44
714,2017-12-28,165.95,165.34,165.95,165.59
715,2017-12-29,165.97,164.68,165.88,164.73
716,2018-01-02,167.0,165.1,165.48,166.98
717,2018-01-03,168.91,167.3,167.31,168.72
718,2018-01-04,170.16,169.23,169.51,169.69
719,2018-01-05,171.63,170.23,170.57,171.5
720,2018-01-08,172.5,171.3,171.6,172.32
721,2018-01-09,172.73,171.47,172.63,171.88
722,2018-01-10,171.4,170.45,171.0,171.32
723,2018-01-11,172.44,171.42,171.74,172.44
724,2018-01-12,173.61,172.0,172.22,173.43
725,2018-01-16,175.11,172.16,174.56,172.65
726,2018-01-17,175.4,173.11,173.67,175.29
727,2018-01-18,176.07,174.93,175.32,175.64
728,2018-01-19,176.27,175.19,175.91,176.01
729,2018-01-22,177.37,175.48,175.93,177.37
730,2018-01-23,178.61,177.69,177.72,178.45
731,2018-01-24,179.03,176.11,178.74,176.86
732,2018-01-25,178.13,175.95,177.9,176.4
733,2018-01-26,179.19,177.26,177.54,179.19
734,2018-01-29,178.9,177.35,178.89,177.71
735,2018-01-30,176.96,175.43,176.09,175.93
736,2018-01-31,177.49,176.05,176.95,177.17
737,2018-02-01,178.29,176.28,176.38,177.04
738,2018-02-02,175.23,171.98,175.14,172.06
739,2018-02-05,173.43,165.15,170.24,165.33
740,2018-02-06,169.86,161.61,162.8,169.51
741,2018-02-07,170.92,167.56,169.25,167.61
742,2018-02-08,168.4,160.6,168.25,160.71
743,2018-02-09,165.59,157.96,163.1,164.59
744,2018-02-12,168.5,165.1,166.21,167.53
745,2018-02-13,168.39,166.15,166.5,168.05
746,2018-02-14,171.72,166.54,167.11,171.48
747,2018-02-15,174.79,171.11,173.1,174.79
748,2018-02-16,176.12,173.6,174.29,174.35
749,2018-02-20,176.11,173.28,173.39,174.78
750,2018-02-21,177.01,173.87,175.5,173.91
751,2018-02-22,175.5,173.49,174.51,173.97
752,2018-02-23,177.51,174.98,175.33,177.51
753,2018-02-26,180.2,178.29,178.32,180.16
754,2018-02-27,181.08,178.51,180.33,178.51
755,2018-02-28,180.31,177.34,179.41,177.34
756,2018-03-01,178.42,173.05,177.84,174.55
757,2018-03-02,176.78,171.95,172.56,176.5
758,2018-03-05,178.87,175.22,175.56,178.31
759,2018-03-06,179.61,177.97,179.22,178.91
760,2018-03-07,180.23,177.1,177.58,180.04
761,2018-03-08,181.07,179.7,180.62,180.74
762,2018-03-09,184.31,181.92,182.09,184.31
763,2018-03-12,185.64,184.29,184.9,184.96
764,2018-03-13,186.36,182.1,185.81,182.72
765,2018-03-14,183.81,181.83,183.59,182.76
766,2018-03-15,183.83,181.94,182.87,182.8
767,2018-03-16,183.29,181.95,182.73,182.21
768,2018-03-19,180.64,177.02,180.64,178.63
769,2018-03-20,179.39,177.77,178.14,178.81
770,2018-03-21,180.25,177.47,178.48,178.03
771,2018-03-22,176.86,173.16,175.72,173.25
772,2018-03-23,173.62,168.6,172.97,168.63
773,2018-03-26,175.19,169.65,171.97,175.03
774,2018-03-27,176.25,167.82,176.22,169.09
775,2018-03-28,170.0,166.45,168.62,167.42
776,2018-03-29,172.72,167.48,168.64,171.0
777,2018-04-02,171.07,164.94,170.27,166.88
778,2018-04-03,168.83,165.79,168.22,168.39
779,2018-04-04,171.13,164.62,165.09,170.62
780,2018-04-05,172.58,170.19,172.14,171.34
781,2018-04-06,171.14,166.37,169.58,167.2
782,2018-04-09,171.67,168.2,168.44,168.34
783,2018-04-10,173.18,170.25,171.04,172.48
784,2018-04-11,173.34,170.91,171.44,171.77
785,2018-04-12,174.69,172.6,172.87,173.91
786,2018-04-13,175.17,172.43,174.97,173.22
787,2018-04-16,175.15,173.25,174.35,174.42
788,2018-04-17,178.57,175.67,175.99,178.04
789,2018-04-18,178.34,176.49,177.93,177.74
790,2018-04-19,176.7,175.01,176.67,175.65
791,2018-04-20,175.28,172.54,175.2,173.19
792,2018-04-23,174.38,171.68,173.92,172.47
793,2018-04-24,173.77,167.93,173.24,169.21
794,2018-04-25,169.66,166.8,169.59,168.94
795,2018-04-26,173.03,170.67,171.21,172.37
796,2018-04-27,174.14,170.75,174.02,171.64
797,2018-04-30,173.31,170.45,172.06,170.96
798,2018-05-01,173.16,170.18,170.57,173.02
799,2018-05-02,174.95,172.85,174.04,173.07
800,2018-05-03,174.21,170.76,172.44,173.61
801,2018-05-04,177.22,172.79,172.88,176.88
802,2018-05-07,179.14,177.39,177.64,178.41
803,2018-05-08,179.15,177.42,178.13,179.09
804,2018-05-09,181.47,179.04,179.57,181.44
805,2018-05-10,183.68,181.83,182.06,183.6
806,2018-05-11,183.76,182.42,183.3,183.07
807,2018-05-14,184.4,182.57,183.69,182.84
808,2018-05-15,181.67,180.28,181.66,181.25
809,2018-05-16,182.55,181.09,181.48,182.2
810,2018-05-17,182.76,180.44,181.51,181.3
811,2018-05-18,181.6,180.5,180.94,180.6
812,2018-05-21,183.16,181.11,182.22,182.01
813,2018-05-22,183.11,181.25,182.83,181.58
814,2018-05-23,182.98,180.01,180.19,182.98
815,2018-05-24,183.19,180.91,182.96,182.85
816,2018-05-25,183.45,182.42,182.63,182.89
817,2018-05-29,182.87,180.61,182.05,181.86
818,2018-05-30,183.55,182.49,182.81,183.2
819,2018-05-31,184.5,182.86,183.22,183.01
820,2018-06-01,186.32,184.16,184.16,186.32
821,2018-06-04,188.05,186.59,186.83,187.88
822,2018-06-05,189.0,188.02,188.36,188.91
823,2018-06-06,190.0,188.27,189.11,190.0
824,2018-06-07,190.13,186.64,190.13,187.85
825,2018-06-08,188.16,186.31,186.67,187.88
826,2018-06-11,188.41,187.35,187.92,187.86
827,2018-06-12,189.24,187.97,188.19,189.12
828,2018-06-13,190.46,188.52,189.23,188.75
829,2018-06-14,190.46,189.28,189.45,189.76
830,2018-06-15,189.25,187.75,189.23,189.04
831,2018-06-18,189.43,187.01,187.75,189.32
832,2018-06-19,188.02,185.47,186.91,188.01
833,2018-06-20,189.32,188.25,188.48,188.53
834,2018-06-21,189.31,186.46,189.08,186.86
835,2018-06-22,187.27,185.25,187.27,185.87
836,2018-06-25,184.49,180.1,184.49,181.57
837,2018-06-26,183.74,181.84,182.22,182.53
838,2018-06-27,183.82,179.67,183.08,179.73
839,2018-06-28,181.87,178.97,178.97,181.29
840,2018-06-29,183.02,181.35,182.02,181.4
841,2018-07-02,183.3,179.67,179.99,183.3
842,2018-07-03,184.19,181.15,184.0,181.26
843,2018-07-05,183.74,181.8,182.37,183.64
844,2018-07-06,186.13,183.41,183.92,185.83
845,2018-07-09,187.44,185.9,186.86,187.44
846,2018-07-10,188.44,187.44,187.74,187.82
847,2018-07-11,187.7,186.11,186.46,186.83
848,2018-07-12,190.05,187.41,187.7,190.0
849,2018-07-13,190.3,189.13,190.05,189.76
850,2018-07-16,190.09,188.81,189.81,189.1
851,2018-07-17,190.92,187.44,187.93,190.64
852,2018-07-18,190.7,189.72,190.66,190.53
853,2018-07-19,190.95,189.89,190.2,190.33
854,2018-07-20,191.23,189.94,190.96,190.2
855,2018-07-23,191.1,188.83,189.79,190.95
856,2018-07-24,192.86,190.07,192.11,190.66
857,2018-07-25,193.5,190.66,190.87,193.41
858,2018-07-26,193.43,192.09,192.49,192.74
859,2018-07-27,193.0,187.81,192.98,188.99
860,2018-07-30,189.16,184.47,189.15,185.6
861,2018-07-31,187.38,184.97,186.15,186.16
862,2018-08-01,188.75,187.13,187.5,188.3
863,2018-08-02,191.29,186.51,186.81,191.02
864,2018-08-03,191.53,189.92,191.22,191.51
865,2018-08-06,192.66,191.14,191.42,192.64
866,2018-08-07,193.89,192.9,193.27,193.41
867,2018-08-08,194.03,192.6,193.3,193.78
868,2018-08-09,194.77,193.78,193.94,193.96
869,2018-08-10,193.64,191.95,192.6,192.69
870,2018-08-13,194.36,192.24,193.04,192.33
871,2018-08-14,193.77,191.94,193.03,193.59
872,2018-08-15,193.15,190.38,192.41,191.88
873,2018-08-16,193.92,192.71,193.3,193.06
874,2018-08-17,194.08,191.88,192.44,193.74
875,2018-08-20,194.25,192.65,194.21,193.56
876,2018-08-21,195.12,193.84,194.01,193.98
877,2018-08-22,195.29,193.35,193.64,194.97
878,2018-08-23,196.48,194.79,194.86,195.59
879,2018-08-24,197.87,196.19,196.19,197.83
880,2018-08-27,199.6,198.25,198.74,199.35
881,2018-08-28,200.46,199.38,200.01,200.3
882,2018-08-29,202.35,200.32,200.32,202.22
883,2018-08-30,203.07,201.18,201.82,201.73
884,2018-08-31,203.13,201.55,201.55,202.8
885,2018-09-04,203.18,201.21,202.44,203.09
886,2018-09-05,202.93,198.88,202.93,199.93
887,2018-09-06,200.3,197.5,199.93,198.86
888,2018-09-07,200.13,197.45,197.79,198.25
889,2018-09-10,199.23,197.78,199.07,198.98
890,2018-09-11,200.76,197.78,198.22,200.24
891,2018-09-12,200.12,197.53,200.09,199.85
892,2018-09-13,203.01,201.01,201.1,202.16
893,2018-09-14,203.34,201.37,202.41,202.35
894,2018-09-17,202.37,199.07,202.12,199.29
895,2018-09-18,201.5,199.17,199.36,200.6
896,2018-09-19,201.32,198.83,200.75,199.61
897,2018-09-20,202.13,200.13,200.86,201.77
898,2018-09-21,202.97,201.07,202.56,201.45
899,2018-09-24,201.66,198.91,199.83,201.54
900,2018-09-25,202.03,200.86,201.56,201.61
901,2018-09-26,202.61,200.35,201.83,200.66
902,2018-09-27,202.37,201.47,201.51,201.66
903,2018-09-28,202.79,201.27,201.37,202.56
904,2018-10-01,204.2,202.48,203.58,202.93
905,2018-10-02,204.01,202.18,202.93,202.67
906,2018-10-03,204.44,203.22,203.5,203.56
907,2018-10-04,203.0,198.6,202.79,199.98
908,2018-10-05,200.51,195.31,199.91,197.35
909,2018-10-08,196.8,192.57,196.5,194.76
910,2018-10-09,196.44,194.3,194.69,195.27
911,2018-10-10,194.38,185.84,194.38,186.2
912,2018-10-11,188.49,182.26,185.43,183.6
913,2018-10-12,189.85,185.72,188.58,189.26
914,2018-10-15,189.14,186.26,188.81,186.55
915,2018-10-16,192.94,188.5,188.88,192.35
916,2018-10-17,192.83,190.0,192.83,191.67
917,2018-10-18,190.81,186.67,190.81,187.8
918,2018-10-19,190.59,186.66,188.8,187.26
919,2018-10-22,189.91,186.93,188.04,188.78
920,2018-10-23,189.08,183.02,185.14,188.07
921,2018-10-24,188.07,179.42,187.71,179.63
922,2018-10-25,186.33,181.71,182.03,185.4
923,2018-10-26,184.93,178.96,180.93,181.68
924,2018-10-29,185.48,175.12,184.32,178.68
925,2018-10-30,181.18,177.41,178.16,180.97
926,2018-10-31,186.85,183.22,183.58,185.39
927,2018-11-01,188.06,184.27,185.81,187.93
928,2018-11-02,187.76,183.05,186.71,184.51
929,2018-11-05,184.35,181.51,184.35,184.07
930,2018-11-06,186.0,183.55,183.89,185.19
931,2018-11-07,190.58,187.0,187.17,190.5
932,2018-11-08,190.64,189.01,189.84,190.15
933,2018-11-09,188.75,185.19,188.39,186.87
934,2018-11-12,185.55,179.96,185.25,180.44
935,2018-11-13,183.58,180.04,180.71,180.52
936,2018-11-14,182.98,177.63,182.42,178.56
937,2018-11-15,183.41,177.79,178.8,183.03
938,2018-11-16,183.69,180.69,180.98,182.77
939,2018-11-19,182.0,175.1,181.72,175.57
940,2018-11-20,174.33,169.68,170.76,172.0
941,2018-11-21,175.04,172.67,174.57,173.45
942,2018-11-23,173.9,171.41,171.74,172.29
943,2018-11-26,176.07,173.61,174.4,176.03
944,2018-11-27,176.56,173.86,174.87,176.17
945,2018-11-28,182.35,177.13,177.62,182.32
946,2018-11-29,182.23,179.81,181.86,180.88
947,2018-11-30,182.78,180.3,181.23,182.67
948,2018-12-03,187.52,184.53,187.15,186.52
949,2018-12-04,185.45,179.07,185.31,179.35
950,2018-12-06,179.89,174.55,175.44,179.89
951,2018-12-07,179.99,172.86,179.2,173.67
952,2018-12-10,176.61,171.9,172.9,175.97
953,2018-12-11,178.97,174.73,178.73,176.05
954,2018-12-12,180.37,177.6,178.86,177.63
955,2018-12-13,178.86,176.08,178.02,177.0
956,2018-12-14,175.91,172.62,174.91,172.87
957,2018-12-17,173.19,167.61,172.27,168.87
958,2018-12-18,171.75,168.91,170.25,170.28
959,2018-12-19,173.0,165.29,170.22,166.82
960,2018-12-20,167.82,161.55,166.22,163.97
961,2018-12-21,165.65,158.14,163.43,158.9
962,2018-12-24,159.25,154.72,157.41,154.81
963,2018-12-26,164.16,155.1,155.94,164.16
964,2018-12-27,165.51,159.03,161.98,165.51
965,2018-12-28,167.93,163.79,166.53,165.17
966,2018-12-31,167.33,165.41,166.61,166.83
967,2019-01-02,167.77,163.34,163.55,166.93
968,2019-01-03,163.02,158.5,162.74,158.68
969,2019-01-04,166.35,161.07,161.54,165.58
970,2019-01-07,168.53,165.5,165.87,167.43
971,2019-01-08,169.69,166.94,169.07,169.04
972,2019-01-09,172.03,169.73,169.91,171.15
973,2019-01-10,172.05,169.14,170.0,171.95
974,2019-01-11,172.0,170.74,171.08,171.85
975,2019-01-14,170.71,169.56,170.26,170.15
976,2019-01-15,172.96,170.45,170.47,172.66
977,2019-01-16,173.95,172.3,172.94,172.84
978,2019-01-17,175.05,171.9,172.21,174.16
979,2019-01-18,177.2,174.67,175.67,176.75
980,2019-01-22,175.71,172.5,175.45,173.84
981,2019-01-23,175.85,172.43,174.52,174.25
982,2019-01-24,176.47,174.84,174.84,176.04
983,2019-01-25,179.2,176.78,177.35,178.77
984,2019-01-28,176.59,175.1,176.3,176.54
985,2019-01-29,176.87,174.43,176.76,174.77
986,2019-01-30,180.26,176.47,177.4,179.79
987,2019-01-31,181.15,178.73,179.19,180.16
988,2019-02-01,182.14,180.16,180.37,181.38
989,2019-02-04,184.23,181.59,181.64,184.23
990,2019-02-05,186.15,184.6,184.7,185.75
991,2019-02-06,186.86,185.17,185.96,186.4
992,2019-02-07,185.45,182.68,184.72,183.88
993,2019-02-08,185.07,182.18,182.3,185.07
994,2019-02-11,186.66,184.75,185.82,185.17
995,2019-02-12,187.84,186.24,186.42,187.68
996,2019-02-13,189.18,187.74,188.57,187.97
997,2019-02-14,189.05,187.12,187.39,188.41
998,2019-02-15,190.0,188.76,189.93,189.85
999,2019-02-19,190.55,189.19,189.42,190.0
1000,2019-02-20,190.98,189.32,190.16,190.27
1001,2019-02-21,190.91,189.08,189.87,190.23
1002,2019-02-22,192.77,191.01,191.05,192.77
1003,2019-02-25,194.99,193.55,194.34,193.67
1004,2019-02-26,194.5,193.01,193.11,193.98
1005,2019-02-27,194.1,191.97,193.29,193.98
1006,2019-02-28,194.08,192.81,193.3,193.36
1007,2019-03-01,195.0,192.99,194.86,194.6
1008,2019-03-04,195.66,191.25,195.42,193.48
1009,2019-03-05,193.47,192.22,193.44,192.83
1010,2019-03-06,192.85,191.32,192.83,191.58
1011,2019-03-07,191.29,189.26,191.06,189.92
1012,2019-03-08,190.01,187.13,187.53,189.94
1013,2019-03-11,194.23,190.67,190.67,194.11
1014,2019-03-12,195.78,193.93,194.56,195.07
1015,2019-03-13,197.47,195.58,195.99,196.29
1016,2019-03-14,197.25,196.11,196.72,196.68
1017,2019-03-15,199.73,197.19,197.26,198.89
1018,2019-03-18,200.27,198.37,199.16,199.65
1019,2019-03-19,200.97,199.37,200.51,200.13
1020,2019-03-20,201.11,198.19,200.0,199.52
1021,2019-03-21,204.24,198.87,198.87,203.88
1022,2019-03-22,203.56,198.63,202.71,198.7
1023,2019-03-25,199.06,196.5,198.11,197.89
1024,2019-03-26,200.81,197.95,199.46,199.04
1025,2019-03-27,200.0,195.87,199.38,197.79
1026,2019-03-28,199.45,197.33,198.32,198.62
1027,2019-03-29,200.71,199.47,200.15,200.63
1028,2019-04-01,203.61,201.5,202.75,203.44
1029,2019-04-02,204.31,202.84,203.42,204.02
1030,2019-04-03,206.77,204.95,205.27,205.74
1031,2019-04-04,206.1,203.25,205.71,204.64
1032,2019-04-05,205.84,204.99,205.33,205.61
1033,2019-04-08,206.46,204.16,205.17,206.43
1034,2019-04-09,206.37,205.1,205.52,205.48
1035,2019-04-10,207.14,205.65,205.76,207.12
1036,2019-04-11,207.55,206.53,207.44,207.02
1037,2019-04-12,208.4,207.02,208.16,208.36
1038,2019-04-15,208.98,207.25,208.53,208.36
1039,2019-04-16,209.66,208.36,209.11,209.26
1040,2019-04-17,210.59,209.16,210.45,210.01
1041,2019-04-18,210.44,208.84,210.29,210.39
1042,2019-04-22,211.08,209.35,209.55,211.04
1043,2019-04-23,213.7,211.25,211.49,213.47
1044,2019-04-24,214.65,213.33,213.61,213.61
1045,2019-04-25,215.04,212.15,214.64,213.34
1046,2019-04-26,212.91,210.61,212.37,212.89
1047,2019-04-29,213.77,212.83,212.91,213.03
1048,2019-04-30,213.67,211.67,213.02,213.41
1049,2019-05-01,215.77,212.59,215.41,212.59
1050,2019-05-02,214.07,210.37,212.58,211.61
1051,2019-05-03,213.88,212.12,212.6,213.69
1052,2019-05-06,212.56,207.9,208.74,212.25
1053,2019-05-07,210.7,205.83,209.82,207.74
1054,2019-05-08,209.06,206.61,207.19,207.36
1055,2019-05-09,206.57,202.31,204.98,205.97
1056,2019-05-10,207.44,201.66,204.66,206.55
1057,2019-05-13,201.88,197.95,200.89,198.54
1058,2019-05-14,203.01,199.58,199.6,201.87
1059,2019-05-15,204.6,200.38,200.48,203.94
1060,2019-05-16,207.39,203.98,204.18,206.05
1061,2019-05-17,206.83,203.79,203.88,204.0
1062,2019-05-20,202.07,199.59,200.85,200.43
1063,2019-05-21,203.71,202.31,202.58,203.17
1064,2019-05-22,203.25,201.78,201.78,201.94
1065,2019-05-23,199.51,196.96,199.39,198.27
1066,2019-05-24,200.39,198.27,199.5,198.43
1067,2019-05-28,200.36,197.81,199.05,197.81
1068,2019-05-29,197.7,195.39,196.51,196.48
1069,2019-05-30,198.2,196.45,197.12,197.64
1070,2019-05-31,196.32,194.39,195.23,194.46
1071,2019-06-03,195.7,189.69,194.79,190.92
1072,2019-06-04,197.37,192.51,193.38,197.26
1073,2019-06-05,200.27,197.4,199.75,199.81
1074,2019-06-06,202.5,199.36,200.2,202.02
1075,2019-06-07,206.73,202.8,203.04,205.55
1076,2019-06-10,209.95,207.18,207.24,207.8
1077,2019-06-11,210.31,206.47,210.07,207.55
1078,2019-06-12,207.26,206.06,206.86,206.65
1079,2019-06-13,207.87,206.59,207.39,207.25
1080,2019-06-14,206.06,204.68,205.7,205.39
1081,2019-06-17,206.7,205.39,205.58,205.8
1082,2019-06-18,210.5,207.34,207.86,209.25
1083,2019-06-19,210.75,208.5,209.84,210.26
1084,2019-06-20,214.04,211.47,213.4,213.16
1085,2019-06-21,213.17,211.26,212.18,211.4
1086,2019-06-24,212.18,211.22,211.8,211.22
1087,2019-06-25,211.32,207.29,211.21,207.52
1088,2019-06-26,211.13,209.44,209.44,209.51
1089,2019-06-27,210.97,209.93,210.37,210.48
1090,2019-06-28,211.38,209.85,211.2,210.89
1091,2019-07-01,215.66,213.03,215.37,213.98
1092,2019-07-02,214.61,213.3,213.75,214.61
1093,2019-07-03,216.15,214.62,215.03,216.15
1094,2019-07-05,216.1,213.64,214.63,215.82
1095,2019-07-08,214.49,213.32,214.35,214.22
1096,2019-07-09,215.23,212.89,212.95,215.03
1097,2019-07-10,218.01,216.14,216.15,216.68
1098,2019-07-11,218.15,216.65,217.24,217.4
1099,2019-07-12,219.16,217.69,217.93,219.14
1100,2019-07-15,220.0,219.12,219.59,219.68
1101,2019-07-16,219.51,217.37,219.51,217.82
1102,2019-07-17,218.65,217.29,217.92,217.29
1103,2019-07-18,219.14,216.52,217.0,218.83
1104,2019-07-19,220.9,217.53,220.67,217.64
1105,2019-07-22,220.57,218.51,218.51,220.0
1106,2019-07-23,221.29,219.5,221.29,221.25
1107,2019-07-24,223.37,220.86,220.99,223.32
1108,2019-07-25,222.89,221.27,222.89,221.74
1109,2019-07-26,223.59,222.53,222.57,223.28
1110,2019-07-29,223.67,220.96,223.28,222.93
1111,2019-07-30,222.43,220.88,221.24,221.58
1112,2019-07-31,222.96,216.05,222.52,218.35
1113,2019-08-01,223.2,216.18,218.74,217.25
1114,2019-08-02,216.0,211.44,215.51,213.2
1115,2019-08-05,207.61,202.62,207.58,204.44
1116,2019-08-06,208.27,205.17,206.97,207.43
1117,2019-08-07,209.25,204.14,205.27,208.85
1118,2019-08-08,214.1,210.12,210.52,214.02
1119,2019-08-09,213.32,210.1,212.89,211.58
1120,2019-08-12,210.67,207.82,210.21,208.77
1121,2019-08-13,214.54,208.16,208.63,213.79
1122,2019-08-14,210.51,206.55,209.78,207.22
1123,2019-08-15,207.77,205.06,207.36,206.81
1124,2019-08-16,211.1,208.29,208.82,210.53
1125,2019-08-19,214.46,212.6,213.84,213.64
1126,2019-08-20,214.34,212.39,213.36,212.69
1127,2019-08-21,215.75,214.15,214.75,215.15
1128,2019-08-22,216.15,212.85,215.71,214.64
1129,2019-08-23,215.51,207.05,213.47,207.79
1130,2019-08-26,210.68,208.86,210.37,210.42
1131,2019-08-27,212.18,208.75,211.83,209.9
1132,2019-08-28,210.38,207.16,208.77,210.0
1133,2019-08-29,214.35,212.29,212.84,213.7
1134,2019-08-30,215.22,211.96,214.99,213.56
1135,2019-09-03,212.64,210.15,211.96,210.93
1136,2019-09-04,214.58,213.06,213.22,214.58
1137,2019-09-05,219.77,217.2,217.27,218.92
1138,2019-09-06,219.52,218.2,219.41,218.61
1139,2019-09-09,219.67,215.63,219.49,216.93
1140,2019-09-10,215.85,213.3,215.72,215.85
1141,2019-09-11,218.2,215.94,216.39,218.07
1142,2019-09-12,221.0,218.35,219.5,219.09
1143,2019-09-13,219.0,217.37,218.88,217.54
1144,2019-09-16,217.77,215.46,215.87,217.33
1145,2019-09-17,218.25,217.01,217.43,218.11
1146,2019-09-18,218.29,215.25,217.93,218.23
1147,2019-09-19,220.56,218.37,218.84,218.72
1148,2019-09-20,219.44,215.55,219.39,216.4
1149,2019-09-23,217.53,215.7,216.25,216.88
1150,2019-09-24,219.0,213.63,218.14,214.43
1151,2019-09-25,217.62,212.23,214.21,216.99
1152,2019-09-26,217.04,214.8,216.17,216.36
1153,2019-09-27,216.68,211.61,216.6,213.22
1154,2019-09-30,216.0,213.7,214.05,215.55
1155,2019-10-01,217.91,213.39,216.51,213.61
1156,2019-10-02,212.3,208.01,212.18,209.61
1157,2019-10-03,212.34,206.92,209.52,212.32
1158,2019-10-04,216.12,213.63,213.64,215.91
1159,2019-10-07,216.9,214.98,215.17,215.23
1160,2019-10-08,214.02,210.94,213.72,211.05
1161,2019-10-09,214.84,212.85,213.16,214.06
1162,2019-10-10,216.27,213.94,213.96,215.35
1163,2019-10-11,220.43,217.88,217.88,218.5
1164,2019-10-14,219.26,218.25,218.27,218.49
1165,2019-10-15,221.31,218.94,219.12,220.76
1166,2019-10-16,219.44,217.98,219.44,218.83
1167,2019-10-17,220.16,217.48,219.77,218.62
1168,2019-10-18,218.45,214.81,218.19,216.31
1169,2019-10-21,218.64,216.89,217.54,218.48
1170,2019-10-22,219.67,215.45,218.98,215.52
1171,2019-10-23,216.03,214.5,215.0,215.74
1172,2019-10-24,219.18,217.36,218.0,219.04
1173,2019-10-25,221.81,219.0,219.0,221.68
1174,2019-10-28,224.48,223.13,223.22,224.22
1175,2019-10-29,224.49,222.4,224.17,222.4
1176,2019-10-30,224.1,221.7,223.04,223.9
1177,2019-10-31,224.41,222.29,224.38,223.64
1178,2019-11-01,226.55,224.13,224.58,226.55
1179,2019-11-04,228.45,227.23,228.35,227.58
1180,2019-11-05,228.23,226.6,228.23,227.36
1181,2019-11-06,227.37,226.03,227.37,227.13
1182,2019-11-07,230.23,228.37,228.76,228.97
1183,2019-11-08,230.2,227.46,228.27,230.2
1184,2019-11-11,230.73,228.61,228.89,230.49
1185,2019-11-12,232.0,230.18,230.69,231.22
1186,2019-11-13,231.89,230.22,230.23,231.74
1187,2019-11-14,231.56,230.3,230.91,231.46
1188,2019-11-15,233.4,232.35,232.98,233.39
1189,2019-11-18,234.36,232.4,233.28,233.94
1190,2019-11-19,235.34,233.66,234.81,234.71
1191,2019-11-20,234.95,231.65,234.07,233.48
1192,2019-11-21,233.28,231.74,233.27,232.21
1193,2019-11-22,233.33,231.19,232.99,232.15
1194,2019-11-25,235.6,232.79,233.13,235.56
1195,2019-11-26,236.32,235.36,235.66,235.69
1196,2019-11-27,237.15,235.85,236.49,237.15
1197,2019-11-29,236.87,236.08,236.48,236.15
1198,2019-12-02,236.49,231.73,236.42,232.79
1199,2019-12-03,231.01,228.01,228.99,230.94
1200,2019-12-04,232.5,231.41,232.32,231.72
1201,2019-12-05,232.76,231.4,232.52,232.36
1202,2019-12-06,235.07,233.99,234.2,234.91
1203,2019-12-09,235.15,233.58,234.55,233.7
1204,2019-12-10,234.77,233.21,233.95,233.6
1205,2019-12-11,235.25,233.64,234.2,235.14
1206,2019-12-12,237.76,233.88,234.64,237.43
1207,2019-12-13,239.5,236.85,237.64,238.97
1208,2019-12-16,241.35,240.0,240.01,240.46
1209,2019-12-17,240.99,239.57,240.94,240.0
1210,2019-12-18,240.93,239.89,240.37,240.08
1211,2019-12-19,241.7,240.2,240.32,241.66
1212,2019-12-20,243.34,242.47,243.11,243.01
1213,2019-12-23,244.32,243.35,243.92,243.83
1214,2019-12-24,244.24,243.27,244.1,243.85
1215,2019-12-26,245.73,244.32,244.32,245.73
1216,2019-12-27,246.75,244.93,246.71,245.64
1217,2019-12-30,245.63,242.1,245.5,244.18
1218,2019-12-31,245.05,243.0,243.31,244.85
1219,2020-01-02,249.36,246.64,247.05,249.34
1220,2020-01-03,248.39,245.9,245.93,246.72
1221,2020-01-06,247.63,243.84,244.43,247.54
1222,2020-01-07,248.56,247.02,247.87,247.51
1223,2020-01-08,251.16,247.38,247.69,250.12
1224,2020-01-09,253.02,251.08,252.31,252.93
1225,2020-01-10,254.27,251.91,253.96,252.38
1226,2020-01-13,255.87,253.39,253.54,255.76
1227,2020-01-14,256.19,254.12,255.91,254.4
1228,2020-01-15,255.99,253.82,254.69,254.61
1229,2020-01-16,258.14,256.02,256.36,258.1
1230,2020-01-17,259.77,257.83,259.23,259.63
1231,2020-01-21,260.79,258.74,258.88,259.25
1232,2020-01-22,262.13,260.07,261.07,260.32
1233,2020-01-23,261.61,259.41,260.47,261.61
1234,2020-01-24,263.99,259.25,263.49,260.26
1235,2020-01-27,255.95,251.44,254.06,254.05
1236,2020-01-28,259.47,255.68,256.14,258.88
1237,2020-01-29,261.37,258.38,260.82,259.14
1238,2020-01-30,261.36,257.38,258.88,261.21
1239,2020-01-31,260.0,253.27,259.97,254.18
1240,2020-02-03,257.89,254.22,254.45,257.37
1241,2020-02-04,264.53,261.1,261.73,264.1
1242,2020-02-05,268.62,263.45,268.35,265.35
1243,2020-02-06,267.48,265.14,266.43,267.48
1244,2020-02-07,267.09,264.4,266.11,264.98
1245,2020-02-10,268.34,263.45,263.57,268.28
1246,2020-02-11,270.85,267.0,270.65,267.79
1247,2020-02-12,270.72,268.1,269.53,270.64
1248,2020-02-13,271.46,268.31,268.76,270.09
1249,2020-02-14,271.76,269.86,270.73,271.18
1250,2020-02-18,270.63,268.72,269.27,270.19
1251,2020-02-19,273.73,271.72,271.72,273.21
1252,2020-02-20,273.51,266.84,272.89,270.68
1253,2020-02-21,269.5,262.94,269.22,264.68
1254,2020-02-24,257.25,249.0,252.18,253.85
1255,2020-02-25,256.88,244.76,256.0,245.78
1256,2020-02-26,251.89,244.52,246.32,246.35
1257,2020-02-27,243.75,233.6,238.22,233.6
